PMID,Title,Authors,Citation,First Author,Journal/Book,Publication Year,Create Date,PMCID,NIHMS ID,DOI
"35463801","Adverse childhood experiences, alcohol consumption, and the modifying role of social participation: population-based study of adults in southwestern Uganda","Ashaba S, Kakuhikire B, Baguma C, Satinsky EN, Perkins JM, Rasmussen JD, Cooper-Vince CE, Ahereza P, Gumisiriza P, Kananura J, Bangsberg DR, Tsai AC.","SSM Ment Health. 2022 Dec;2:100062. doi: 10.1016/j.ssmmh.2022.100062. Epub 2022 Jan 29.","Ashaba S","SSM Ment Health","2022","2022/04/25","PMC9023342","NIHMS1797444","10.1016/j.ssmmh.2022.100062"
"35297725","""Realizing the problem wasn't necessarily me"": the meaning of childhood adversity and resilience in the lives of autistic adults","Heselton GA, Rempel GR, Nicholas DB.","Int J Qual Stud Health Well-being. 2022 Dec;17(1):2051237. doi: 10.1080/17482631.2022.2051237.","Heselton GA","Int J Qual Stud Health Well-being","2022","2022/03/17","PMC8933012","","10.1080/17482631.2022.2051237"
"35490720","Early life social instability stress causes lasting cognitive decrement and elevated hippocampal stress-related gene expression","Featherstone RE, Gifford RL, Crown LM, Amirfathi F, Alaniz JP, Yi J, Tran A, Adomian D, Schwenk A, Melnychenko O, Duval C, Parekh K, Lee DJ, Siegel SJ.","Exp Neurol. 2022 Aug;354:114099. doi: 10.1016/j.expneurol.2022.114099. Epub 2022 Apr 29.","Featherstone RE","Exp Neurol","2022","2022/05/01","","","10.1016/j.expneurol.2022.114099"
"35461829","Early life adversity accelerates epileptogenesis and enhances depression-like behaviors in rats","Rupasinghe R, Dezsi G, Ozturk E, Carron S, Hudson MR, Casillas-Espinosa PM, Jones NC.","Exp Neurol. 2022 Aug;354:114088. doi: 10.1016/j.expneurol.2022.114088. Epub 2022 Apr 21.","Rupasinghe R","Exp Neurol","2022","2022/04/24","","","10.1016/j.expneurol.2022.114088"
"35523082","The effects of mood disorders and childhood trauma on fear of positive and negative evaluation","Lucero MM, Satz S, Miceli R, Swartz HA, Manelis A.","Acta Psychol (Amst). 2022 Jul;227:103603. doi: 10.1016/j.actpsy.2022.103603. Epub 2022 May 4.","Lucero MM","Acta Psychol (Amst)","2022","2022/05/06","","","10.1016/j.actpsy.2022.103603"
"35466444","Systematic review of health and disease in Ukrainian children highlights poor child health and challenges for those treating refugees","Ludvigsson JF, Loboda A.","Acta Paediatr. 2022 Jul;111(7):1341-1353. doi: 10.1111/apa.16370. Epub 2022 Apr 27.","Ludvigsson JF","Acta Paediatr","2022","2022/04/25","","","10.1111/apa.16370"
"35460746","Abnormal brain gray matter volume in patients with major depressive disorder: Associated with childhood trauma?","Liu Y, Zhang J, Zhang M, Li X, Li K, Wang B, Yang Y, Song R, Si Y, Ni T, Wang X, Geng Y, Chang Q, Zhang H, Zhang Z, Zhang H.","J Affect Disord. 2022 Jul 1;308:562-568. doi: 10.1016/j.jad.2022.04.083. Epub 2022 Apr 20.","Liu Y","J Affect Disord","2022","2022/04/23","","","10.1016/j.jad.2022.04.083"
"35434795","Childhood trauma exposure and reward processing in healthy adults: A functional neuroimaging study","Hendrikse CJ, du Plessis S, Luckhoff HK, Vink M, van den Heuvel LL, Scheffler F, Phahladira L, Smit R, Asmal L, Seedat S, Emsley R.","J Neurosci Res. 2022 Jul;100(7):1452-1462. doi: 10.1002/jnr.25051. Epub 2022 Apr 17.","Hendrikse CJ","J Neurosci Res","2022","2022/04/18","","","10.1002/jnr.25051"
"35429700","The mediating role of allostatic load in the relationship between early life adversity and cognitive function across the adult lifespan","D'Amico D, Amestoy ME, Fiocco AJ.","Psychoneuroendocrinology. 2022 Jul;141:105761. doi: 10.1016/j.psyneuen.2022.105761. Epub 2022 Apr 6.","D'Amico D","Psychoneuroendocrinology","2022","2022/04/16","","","10.1016/j.psyneuen.2022.105761"
"35429520","Intergenerational transmission of maternal childhood adversity and depression on children's internalizing problems","Roubinov D, Browne D, LeWinn KZ, Lisha N, Mason WA, Bush NR.","J Affect Disord. 2022 Jul 1;308:205-212. doi: 10.1016/j.jad.2022.04.030. Epub 2022 Apr 13.","Roubinov D","J Affect Disord","2022","2022/04/16","","","10.1016/j.jad.2022.04.030"
"35398366","Adverse childhood experiences, diabetes and associated conditions, preventive care practices and health care access: A population-based study","Schüssler-Fiorenza Rose SM, Snyder MP, Slavich GM.","Prev Med. 2022 Jul;160:107044. doi: 10.1016/j.ypmed.2022.107044. Epub 2022 Apr 7.","Schüssler-Fiorenza Rose SM","Prev Med","2022","2022/04/10","","","10.1016/j.ypmed.2022.107044"
"35378148","Neurotrophic factors, childhood trauma and psychiatric disorders: A systematic review of genetic, biochemical, cognitive and imaging studies to identify potential biomarkers","Di Benedetto MG, Scassellati C, Cattane N, Riva MA, Cattaneo A.","J Affect Disord. 2022 Jul 1;308:76-88. doi: 10.1016/j.jad.2022.03.071. Epub 2022 Apr 2.","Di Benedetto MG","J Affect Disord","2022","2022/04/04","","","10.1016/j.jad.2022.03.071"
"35339629","Early life adversity drives sex-specific anhedonia and meningeal immune gene expression through mast cell activation","Duque-Wilckens N, Teis R, Sarno E, Stoelting F, Khalid S, Dairi Z, Douma A, Maradiaga N, Hench S, Dharshika CD, Thelen KM, Gulbransen B, Robison AJ, Moeser AJ.","Brain Behav Immun. 2022 Jul;103:73-84. doi: 10.1016/j.bbi.2022.03.009. Epub 2022 Mar 24.","Duque-Wilckens N","Brain Behav Immun","2022","2022/03/27","PMC9149134","NIHMS1799044","10.1016/j.bbi.2022.03.009"
"35300548","The mediating effect of attachment insecurity on circadian consequences of childhood trauma","Işik M, Kirli U.","Chronobiol Int. 2022 Jul;39(7):936-947. doi: 10.1080/07420528.2022.2050385. Epub 2022 Mar 17.","Işik M","Chronobiol Int","2022","2022/03/18","","","10.1080/07420528.2022.2050385"
"35279622","Adverse childhood experiences and past 30-day cannabis use among middle and high school students: The protective influence of families and schools","Clements-Nolle KD, Lensch T, Drake CS, Pearson JL.","Addict Behav. 2022 Jul;130:107280. doi: 10.1016/j.addbeh.2022.107280. Epub 2022 Feb 14.","Clements-Nolle KD","Addict Behav","2022","2022/03/13","","","10.1016/j.addbeh.2022.107280"
"34942030","Understanding attachment styles, adverse childhood events, alcohol use, and trauma in Black and Latino Men with criminal justice histories","Donadio M, Valera P, Sinangil N.","J Community Psychol. 2022 Jul;50(5):2260-2272. doi: 10.1002/jcop.22773. Epub 2021 Dec 23.","Donadio M","J Community Psychol","2022","2021/12/23","","","10.1002/jcop.22773"
"34676784","Effects of adverse childhood experience on physiological regulation are moderated by evolved developmental niche history","Tarsha MS, Narvaez D.","Anxiety Stress Coping. 2022 Jul;35(4):488-500. doi: 10.1080/10615806.2021.1989419. Epub 2021 Oct 22.","Tarsha MS","Anxiety Stress Coping","2022","2021/10/22","","","10.1080/10615806.2021.1989419"
"35331823","Child and parent secondary outcomes in stepped care versus standard care treatment for childhood trauma","Salloum A, Lu Y, Chen H, Salomon K, Scheeringa MS, Cohen JA, Swaidan V, Storch EA.","J Affect Disord. 2022 Jun 15;307:87-96. doi: 10.1016/j.jad.2022.03.049. Epub 2022 Mar 21.","Salloum A","J Affect Disord","2022","2022/03/25","PMC9035131","NIHMS1795998","10.1016/j.jad.2022.03.049"
"35678388","Adverse childhood experiences, sleep problems, low self-control, and adolescent delinquency: A longitudinal serial mediation analysis","Fava NM, Meldrum RC, Villar MG, Zucker RA, Trucco EM.","Dev Psychopathol. 2022 Jun 9:1-10. doi: 10.1017/S0954579422000530. Online ahead of print.","Fava NM","Dev Psychopathol","2022","2022/06/09","","","10.1017/S0954579422000530"
"35676655","Association between childhood friendship and cognitive ageing trajectory in later life: evidence from the China Health and Retirement Longitudinal Study (CHARLS)","Xie J, Fan X, Yin P, Gu J, Yang C.","BMC Geriatr. 2022 Jun 9;22(1):494. doi: 10.1186/s12877-022-03181-6.","Xie J","BMC Geriatr","2022","2022/06/08","","","10.1186/s12877-022-03181-6"
"35671133","Reframe the Pain: Divided Attention and Positive Memory Reframing to Reduce Needle Pain and Distress in Children - A Feasibility Randomized Controlled Trial","Braithwaite FA, Noel M, Jones HG, Wiese MD, Nania CG, Watson E, Stanton TR.","Eur J Pain. 2022 Jun 7. doi: 10.1002/ejp.1992. Online ahead of print.","Braithwaite FA","Eur J Pain","2022","2022/06/07","","","10.1002/ejp.1992"
"33861680","Adverse Childhood Experiences, Suicidal/Self-Harming Thoughts, and Suicide Attempts Among LGB and Heterosexual Utahns","McGraw JS, McManimen S, Chinn J, Angoff HD, Docherty M, Mahoney A.","J Homosex. 2022 Jun 7;69(7):1141-1159. doi: 10.1080/00918369.2021.1909396. Epub 2021 Apr 16.","McGraw JS","J Homosex","2022","2021/04/16","","","10.1080/00918369.2021.1909396"
"35666934","Secondary traumatic stress among home visiting professionals","Janczewski C, Mersky JP.","Psychol Trauma. 2022 Jun 6. doi: 10.1037/tra0001296. Online ahead of print.","Janczewski C","Psychol Trauma","2022","2022/06/06","","","10.1037/tra0001296"
"35662296","Risk of non-fatal suicide attempt in individuals with substance use disorder: The roles of aggregate genetic liability and environmental exposures in a Swedish population-based cohort","Lannoy S, Ohlsson H, Stephenson M, Kendler KS, Sundquist J, Sundquist K, Edwards AC.","Addiction. 2022 Jun 6. doi: 10.1111/add.15965. Online ahead of print.","Lannoy S","Addiction","2022","2022/06/06","","","10.1111/add.15965"
"35675724","Adverse childhood experiences in Australian youth adjudicated for sexual offences and non-sexual violent offences","Pammenter A, Woodford EL, Harris DA.","Child Abuse Negl. 2022 Jun 5;129:105678. doi: 10.1016/j.chiabu.2022.105678. Online ahead of print.","Pammenter A","Child Abuse Negl","2022","2022/06/08","","","10.1016/j.chiabu.2022.105678"
"35665944","Adverse childhood experiences and maternal self-efficacy: Examining the mediating role of intimate partner violence and the moderating role of caste membership in rural India","Jiwani Z, Drylewski G, Sharma S, Ahun M, Thapa S, Steele M.","Infant Ment Health J. 2022 Jun 5. doi: 10.1002/imhj.21997. Online ahead of print.","Jiwani Z","Infant Ment Health J","2022","2022/06/06","","","10.1002/imhj.21997"
"35662271","Validity of Scottish predictors of child obesity (age 12) for risk screening in mid-childhood: a secondary analysis of prospective cohort study data-with sensitivity analyses for settings without various routinely collected predictor variables","Carrillo-Balam G, Doi L, Marryat L, Williams AJ, Bradshaw P, Frank J.","Int J Obes (Lond). 2022 Jun 3. doi: 10.1038/s41366-022-01157-5. Online ahead of print.","Carrillo-Balam G","Int J Obes (Lond)","2022","2022/06/06","","","10.1038/s41366-022-01157-5"
"35654451","Childhood trauma and cognitive deficits in patients with schizophrenia: mediation by orbitofrontal cortex H-shaped sulci volume","Wang L, Yin Y, Feng W, Zhou Y, Huang J, Zhang P, Chen S, Fan H, Cui Y, Luo X, Tan S, Wang Z, Tian B, Tian L, Li CR, Tan Y.","J Psychiatry Neurosci. 2022 Jun 2;47(3):E209-E217. doi: 10.1503/jpn.210178. Print 2022 May-Jun.","Wang L","J Psychiatry Neurosci","2022","2022/06/02","","","10.1503/jpn.210178"
"35660212","State care in childhood and adult mortality: a systematic review and meta-analysis of prospective cohort studies","Batty GD, Kivimäki M, Frank P.","Lancet Public Health. 2022 Jun;7(6):e504-e514. doi: 10.1016/S2468-2667(22)00081-0.","Batty GD","Lancet Public Health","2022","2022/06/06","","","10.1016/S2468-2667(22)00081-0"
"35660123","The bereavement experiences of children following sibling death: An integrative review","D'Alton SV, Ridings L, Williams C, Phillips S.","J Pediatr Nurs. 2022 Jun 1:S0882-5963(22)00118-X. doi: 10.1016/j.pedn.2022.05.006. Online ahead of print.","D'Alton SV","J Pediatr Nurs","2022","2022/06/06","","","10.1016/j.pedn.2022.05.006"
"35648643","Maximal Sensitivity to Child Maltreatment at the Ages of 6 and 11 Years is Associated with the Risk of Bipolar Disorder","Montoro I, Moreno L, Mulet P, Miró C, Leunda A, Llaurador-Coll M, Muntané G, Teicher MH, Vilella E, Gutiérrez-Zotes A.","J Interpers Violence. 2022 Jun 1:8862605221106128. doi: 10.1177/08862605221106128. Online ahead of print.","Montoro I","J Interpers Violence","2022","2022/06/01","","","10.1177/08862605221106128"
"35647257","The effect of social network strain on suicidal ideation among middle-aged adults with adverse childhood experiences in the US: A twelve-year nationwide study","Xiao Y, Brown TT.","SSM Popul Health. 2022 May 20;18:101120. doi: 10.1016/j.ssmph.2022.101120. eCollection 2022 Jun.","Xiao Y","SSM Popul Health","2022","2022/06/01","PMC9136096","","10.1016/j.ssmph.2022.101120"
"35640064","Adverse Childhood Experiences and Their Impact on Sleep in Adults: A Systematic Review","Vadukapuram R, Shah K, Ashraf S, Srinivas S, Elshokiry AB, Trivedi C, Mansuri Z, Jain S.","J Nerv Ment Dis. 2022 Jun 1;210(6):397-410. doi: 10.1097/NMD.0000000000001480.","Vadukapuram R","J Nerv Ment Dis","2022","2022/05/31","","","10.1097/NMD.0000000000001480"
"35610949","Attachment, Trauma, and Mentalization in Intimate Partner Violence: A Preliminary Investigation","Condino V, Giovanardi G, Vagni M, Lingiardi V, Pajardi D, Colli A.","J Interpers Violence. 2022 Jun;37(11-12):NP9249-NP9276. doi: 10.1177/0886260520980383. Epub 2020 Dec 17.","Condino V","J Interpers Violence","2022","2022/05/25","","","10.1177/0886260520980383"
"35600533","Investigating the Relationship between Adverse Childhood Experiences and Cigarette Smoking in University Students in Isfahan, Iran","Halvaiepour Z, Nosratabadi M.","J Child Adolesc Trauma. 2021 Jul 26;15(2):319-325. doi: 10.1007/s40653-021-00383-9. eCollection 2022 Jun.","Halvaiepour Z","J Child Adolesc Trauma","2021","2022/05/23","PMC9120293","","10.1007/s40653-021-00383-9"
"35600529","Inter-Clinician Variability in Primary Care Providers' Adverse Childhood Experience Knowledge, Training, Screening Practices, and Perceived Intervention Barriers: an Exploratory Cross-Sectional Study","Bora N, Jones TR, Salada K, Brummel M.","J Child Adolesc Trauma. 2021 May 20;15(2):285-296. doi: 10.1007/s40653-021-00365-x. eCollection 2022 Jun.","Bora N","J Child Adolesc Trauma","2021","2022/05/23","PMC9120270","","10.1007/s40653-021-00365-x"
"35600522","Stressful Events and Adolescent Psychopathology: A Person-Centred Approach to Expanding Adverse Childhood Experience Categories","MacLochlainn J, Mallett J, Kirby K, McFadden P.","J Child Adolesc Trauma. 2021 Jul 30;15(2):327-340. doi: 10.1007/s40653-021-00392-8. eCollection 2022 Jun.","MacLochlainn J","J Child Adolesc Trauma","2021","2022/05/23","PMC9120305","","10.1007/s40653-021-00392-8"
"35600519","Sleep Duration Buffers The Effects of Adversity on Mental Health Among Recently Immigrated Latinx Adolescents","Venta A, Alfano C.","J Child Adolesc Trauma. 2021 Jul 28;15(2):235-247. doi: 10.1007/s40653-021-00374-w. eCollection 2022 Jun.","Venta A","J Child Adolesc Trauma","2021","2022/05/23","PMC9120277","","10.1007/s40653-021-00374-w"
"35600513","Examining Adverse Childhood Experiences (ACEs) within Indigenous Populations: a Systematic Review","Radford A, Toombs E, Zugic K, Boles K, Lund J, Mushquash CJ.","J Child Adolesc Trauma. 2021 Aug 18;15(2):401-421. doi: 10.1007/s40653-021-00393-7. eCollection 2022 Jun.","Radford A","J Child Adolesc Trauma","2021","2022/05/23","PMC9120316","","10.1007/s40653-021-00393-7"
"35600427","Adverse childhood experiences and cognitive disability in the 2019 United States behavioral risk factor surveillance system","Ward K, Ryan-Ibarra S, Smith M, Sanchez-Vaznaugh EV.","Prev Med Rep. 2022 May 13;27:101826. doi: 10.1016/j.pmedr.2022.101826. eCollection 2022 Jun.","Ward K","Prev Med Rep","2022","2022/05/23","PMC9120486","","10.1016/j.pmedr.2022.101826"
"35597583","Preventing Adverse Childhood Experiences: The Role of Etiological, Evaluation, and Implementation Research","Matjasko JL, Herbst JH, Estefan LF.","Am J Prev Med. 2022 Jun;62(6 Suppl 1):S6-S15. doi: 10.1016/j.amepre.2021.10.024.","Matjasko JL","Am J Prev Med","2022","2022/05/21","","","10.1016/j.amepre.2021.10.024"
"35597582","Adverse Childhood Experiences and Overdose: Lessons From Overdose Data to Action","Wisdom AC, Govindu M, Liu SJ, Meyers CM, Mellerson JL, Gervin DW, DePadilla L, Holland KM.","Am J Prev Med. 2022 Jun;62(6 Suppl 1):S40-S46. doi: 10.1016/j.amepre.2021.11.015.","Wisdom AC","Am J Prev Med","2022","2022/05/21","","","10.1016/j.amepre.2021.11.015"
"35597581","Building Infrastructure for Surveillance of Adverse and Positive Childhood Experiences: Integrated, Multimethod Approaches to Generate Data for Prevention Action","Anderson KN, Swedo EA, Clayton HB, Niolon PH, Shelby D, McDavid Harrison K.","Am J Prev Med. 2022 Jun;62(6 Suppl 1):S31-S39. doi: 10.1016/j.amepre.2021.11.017.","Anderson KN","Am J Prev Med","2022","2022/05/21","","","10.1016/j.amepre.2021.11.017"
"35597580","Leveraging Surveillance and Evidence: Preventing Adverse Childhood Experiences Through Data to Action","Guinn AS, Ottley PG, Anderson KN, Oginga ML, Gervin DW, Holmes GM.","Am J Prev Med. 2022 Jun;62(6 Suppl 1):S24-S30. doi: 10.1016/j.amepre.2021.12.003.","Guinn AS","Am J Prev Med","2022","2022/05/21","","","10.1016/j.amepre.2021.12.003"
"35597579","Preventing Childhood Adversity Through Economic Support and Social Norm Strategies","Ottley PG, Barranco LS, Freire KE, Meehan AA, Shiver AJ, Lumpkin CD, Gervin DW, Holmes GM.","Am J Prev Med. 2022 Jun;62(6 Suppl 1):S16-S23. doi: 10.1016/j.amepre.2021.11.016.","Ottley PG","Am J Prev Med","2022","2022/05/21","","","10.1016/j.amepre.2021.11.016"
"35597578","Centers for Disease Control and Prevention Investments in Adverse Childhood Experience Prevention Efforts","Gervin DW, Holland KM, Ottley PG, Holmes GM, Niolon PH, Mercy JA.","Am J Prev Med. 2022 Jun;62(6 Suppl 1):S1-S5. doi: 10.1016/j.amepre.2021.11.014.","Gervin DW","Am J Prev Med","2022","2022/05/21","","","10.1016/j.amepre.2021.11.014"
"35535547","Translating the Biology of Adversity and Resilience Into New Measures for Pediatric Practice","Shonkoff JP, Boyce WT, Bush NR, Gunnar MR, Hensch TK, Levitt P, Meaney MJ, Nelson CA, Slopen N, Williams DR, Silveira PP.","Pediatrics. 2022 Jun 1;149(6):e2021054493. doi: 10.1542/peds.2021-054493.","Shonkoff JP","Pediatrics","2022","2022/05/10","","","10.1542/peds.2021-054493"
"35493407","The effects of negative economic shocks at birth on adolescents' cognitive outcomes and educational attainment in Malawi","Kämpfen F, Zahra F, Kohler HP, Kidman R.","SSM Popul Health. 2022 Apr 7;18:101085. doi: 10.1016/j.ssmph.2022.101085. eCollection 2022 Jun.","Kämpfen F","SSM Popul Health","2022","2022/05/02","PMC9048075","","10.1016/j.ssmph.2022.101085"
"35441500","An Intersectional-Contextual Approach to Racial Trauma Exposure Risk and Coping Among Black Youth","Galán CA, Auguste EE, Smith NA, Meza JI.","J Res Adolesc. 2022 Jun;32(2):583-595. doi: 10.1111/jora.12757. Epub 2022 Apr 19.","Galán CA","J Res Adolesc","2022","2022/04/20","","","10.1111/jora.12757"
"35430502","Effects of oxytocin and vasopressin administration on human fathers' sensitive and challenging parenting: A randomized within-subject controlled trial","Witte AM, de Moor MHM, Majdandžić M, Verhees MWFT, van IJzendoorn MH, Bakermans-Kranenburg MJ.","Horm Behav. 2022 Jun;142:105175. doi: 10.1016/j.yhbeh.2022.105175. Epub 2022 Apr 14.","Witte AM","Horm Behav","2022","2022/04/17","","","10.1016/j.yhbeh.2022.105175"
"35429512","The psychological factors mediating/moderating the association between childhood adversity and depression: A systematic review","Zhao Y, Han L, Teopiz KM, McIntyre RS, Ma R, Cao B.","Neurosci Biobehav Rev. 2022 Jun;137:104663. doi: 10.1016/j.neubiorev.2022.104663. Epub 2022 Apr 13.","Zhao Y","Neurosci Biobehav Rev","2022","2022/04/16","","","10.1016/j.neubiorev.2022.104663"
"35413548","Prevalence of adverse childhood experiences among Vietnamese high school students","Le T, Dang HM, Weiss B.","Child Abuse Negl. 2022 Jun;128:105628. doi: 10.1016/j.chiabu.2022.105628. Epub 2022 Apr 9.","Le T","Child Abuse Negl","2022","2022/04/12","","","10.1016/j.chiabu.2022.105628"
"35394981","Investigation of the Relationship Between the Alexithymic Characteristics of Secondary Students and Their Childhood Maltreatment Experiences","Özgün H, Kanak M.","J Nerv Ment Dis. 2022 Jun 1;210(6):446-453. doi: 10.1097/NMD.0000000000001508. Epub 2022 Apr 8.","Özgün H","J Nerv Ment Dis","2022","2022/04/08","","","10.1097/NMD.0000000000001508"
"35381377","Design of a clinical trial to isolate the experience of food insecurity and elucidate the biological mechanisms of risk for childhood health outcomes","Evans EW, Jelalian E, Dunsiger S, Villalta D, Tyrka A.","Contemp Clin Trials. 2022 Jun;117:106751. doi: 10.1016/j.cct.2022.106751. Epub 2022 Apr 2.","Evans EW","Contemp Clin Trials","2022","2022/04/05","PMC9156564","NIHMS1804558","10.1016/j.cct.2022.106751"
"35380332","Insights from Expanded Adverse Childhood Experiences Screening in a Hospital-Based Outpatient Psychiatry Service","Jiang DH, Kim S, Zaidi A, Cottrell L, Christopher MC, Palacio TR, Rosenfield PJ.","Psychiatr Q. 2022 Jun;93(2):677-687. doi: 10.1007/s11126-022-09982-7. Epub 2022 Apr 5.","Jiang DH","Psychiatr Q","2022","2022/04/05","","","10.1007/s11126-022-09982-7"
"35379699","Association of adverse childhood experiences with the development of multiple sclerosis","Eid K, Torkildsen Ø, Aarseth J, Aalstad M, Bhan A, Celius EG, Cortese M, Daltveit AK, Holmøy T, Myhr KM, Riise T, Schüler S, Torkildsen CF, Wergeland S, Gilhus NE, Bjørk MH.","J Neurol Neurosurg Psychiatry. 2022 Jun;93(6):645-650. doi: 10.1136/jnnp-2021-328700. Epub 2022 Apr 4.","Eid K","J Neurol Neurosurg Psychiatry","2022","2022/04/05","","","10.1136/jnnp-2021-328700"
"35366413","Adverse childhood experiences and bodily pain at 10 years of age: Findings from the Generation XXI cohort","Abrahamyan A, Lucas R, Soares S, Talih M, Fraga S.","Child Abuse Negl. 2022 Jun;128:105620. doi: 10.1016/j.chiabu.2022.105620. Epub 2022 Mar 30.","Abrahamyan A","Child Abuse Negl","2022","2022/04/02","","","10.1016/j.chiabu.2022.105620"
"35358833","Co-occurring alcohol use disorder and obesity in U.S. military veterans: Prevalence, risk factors, and clinical features","Carr MM, Serowik KL, Na PJ, Potenza MN, Martino S, Masheb RM, Pietrzak RH.","J Psychiatr Res. 2022 Jun;150:64-70. doi: 10.1016/j.jpsychires.2022.03.039. Epub 2022 Mar 24.","Carr MM","J Psychiatr Res","2022","2022/03/31","","","10.1016/j.jpsychires.2022.03.039"
"35341796","The effects of early life stress on impulsivity","Sanchez EO, Bangasser DA.","Neurosci Biobehav Rev. 2022 Jun;137:104638. doi: 10.1016/j.neubiorev.2022.104638. Epub 2022 Mar 24.","Sanchez EO","Neurosci Biobehav Rev","2022","2022/03/28","PMC9119952","NIHMS1796457","10.1016/j.neubiorev.2022.104638"
"35314247","Oxytocin receptor genes moderate BDNF epigenetic methylation by childhood trauma","Lee HS, Kwon A, Lee SH.","J Affect Disord. 2022 Jun 1;306:167-173. doi: 10.1016/j.jad.2022.03.020. Epub 2022 Mar 18.","Lee HS","J Affect Disord","2022","2022/03/22","","","10.1016/j.jad.2022.03.020"
"35303582","The importance of friendships in reducing brain responses to stress in adolescents exposed to childhood adversity: a preregistered systematic review","Scheuplein M, van Harmelen AL.","Curr Opin Psychol. 2022 Jun;45:101310. doi: 10.1016/j.copsyc.2022.101310. Epub 2022 Feb 18.","Scheuplein M","Curr Opin Psychol","2022","2022/03/18","","","10.1016/j.copsyc.2022.101310"
"35243620","Childhood trauma and treatment outcomes during mood-stabilising treatment with lithium or quetiapine among outpatients with bipolar disorder","Wrobel AL, Köhler-Forsberg O, Sylvia LG, Russell SE, Dean OM, Cotton SM, Thase M, Calabrese JR, Deckersbach T, Tohen M, Bowden CL, McInnis MG, Kocsis JH, Friedman ES, Ketter TA, Shelton RC, Ostacher MJ, Iosifescu DV, Berk M, Turner A, Nierenberg AA.","Acta Psychiatr Scand. 2022 Jun;145(6):615-627. doi: 10.1111/acps.13420. Epub 2022 Mar 11.","Wrobel AL","Acta Psychiatr Scand","2022","2022/03/04","","","10.1111/acps.13420"
"35243610","Attachment insecurity partially mediates the relationship between childhood trauma and depression severity in bipolar disorder","Wrobel AL, Russell SE, Jayasinghe A, Lotfaliany M, Turner A, Dean OM, Cotton SM, Diaz-Byrd C, Yocum AK, Duval ER, Ehrlich TJ, Marshall DF, Berk M, McInnis MG.","Acta Psychiatr Scand. 2022 Jun;145(6):591-603. doi: 10.1111/acps.13419. Epub 2022 Mar 10.","Wrobel AL","Acta Psychiatr Scand","2022","2022/03/04","","","10.1111/acps.13419"
"35134629","Psychosocial predictors of longitudinal changes in tobacco and cannabis use among young adults","Romm KF, Wang Y, Duan Z, Bennett B, Fuss C, Ma Y, Blank MD, Bray BC, Ahluwalia JS, Berg CJ.","Addict Behav. 2022 Jun;129:107264. doi: 10.1016/j.addbeh.2022.107264. Epub 2022 Feb 2.","Romm KF","Addict Behav","2022","2022/02/08","PMC9021279","NIHMS1778114","10.1016/j.addbeh.2022.107264"
"35133231","Discontinuation of hormonal contraception due to changes in mood and decreases in sexual desire: the role of adverse childhood experiences","Novick AM, Johnson RL, Lazorwitz A, Belyavskaya A, Berkowitz L, Norton A, Sammel MD, Epperson CN.","Eur J Contracept Reprod Health Care. 2022 Jun;27(3):212-220. doi: 10.1080/13625187.2022.2030702. Epub 2022 Feb 8.","Novick AM","Eur J Contracept Reprod Health Care","2022","2022/02/08","PMC9133050","NIHMS1789743","10.1080/13625187.2022.2030702"
"35120769","Practical Guidance for Using Behavioral Risk Factor Surveillance System Data: Merging States and Scoring Adverse Childhood Experiences","Lombard PK, Cronholm PF, Forke CM.","Am J Prev Med. 2022 Jun;62(6):e357-e365. doi: 10.1016/j.amepre.2021.11.012. Epub 2022 Feb 1.","Lombard PK","Am J Prev Med","2022","2022/02/05","","","10.1016/j.amepre.2021.11.012"
"35103808","Early childhood adversity and late-life depressive symptoms: unpacking mediation and interaction by adult socioeconomic status","Yazawa A, Shiba K, Inoue Y, Okuzono SS, Inoue K, Kondo N, Kondo K, Kawachi I.","Soc Psychiatry Psychiatr Epidemiol. 2022 Jun;57(6):1147-1156. doi: 10.1007/s00127-022-02241-x. Epub 2022 Feb 1.","Yazawa A","Soc Psychiatry Psychiatr Epidemiol","2022","2022/02/01","","","10.1007/s00127-022-02241-x"
"35084882","Adverse childhood experiences, mental health, and relationship satisfaction in military couples","Khalifian CE, Bosch J, Knopp K, Delay C, Sohn MJ, Morland LA.","J Fam Psychol. 2022 Jun;36(4):630-635. doi: 10.1037/fam0000952. Epub 2022 Jan 27.","Khalifian CE","J Fam Psychol","2022","2022/01/27","","","10.1037/fam0000952"
"35040268","Do adverse childhood experiences and genetic obesity risk interact in relation to body mass index in young adulthood? Findings from the National Longitudinal Study of Adolescent to Adult Health","Inoue Y, Graff M, Howard AG, Highland HM, Young KL, Harris KM, North KE, Li Y, Duan Q, Gordon-Larsen P.","Pediatr Obes. 2022 Jun;17(6):e12885. doi: 10.1111/ijpo.12885. Epub 2022 Jan 17.","Inoue Y","Pediatr Obes","2022","2022/01/18","PMC9098659","NIHMS1765378","10.1111/ijpo.12885"
"34966112","Childhood Trauma Associations With the Interpersonal Psychological Theory of Suicide and Social Cognitive Biases in Psychotic Disorders","Chalker SA, Parrish EM, Cano M, Kelsven S, Moore RC, Granholm E, Pinkham A, Harvey PD, Depp CA.","J Nerv Ment Dis. 2022 Jun 1;210(6):432-438. doi: 10.1097/NMD.0000000000001462. Epub 2021 Dec 29.","Chalker SA","J Nerv Ment Dis","2022","2021/12/30","PMC9156551","NIHMS1746672","10.1097/NMD.0000000000001462"
"34846229","Treatment Adherence in Adolescents With Histories of Adverse Childhood Experiences: A Systematic Review","Draxler JM, Ruppar TM.","J Psychosoc Nurs Ment Health Serv. 2022 Jun;60(6):11-18. doi: 10.3928/02793695-20211118-04. Epub 2021 Dec 3.","Draxler JM","J Psychosoc Nurs Ment Health Serv","2022","2021/11/30","","","10.3928/02793695-20211118-04"
"34820861","Cumulative sociodemographic disadvantage partially mediates associations between childhood trauma and schizotypy","Tonini E, Quidé Y, Whitford TJ, Green MJ.","Br J Clin Psychol. 2022 Jun;61(2):444-464. doi: 10.1111/bjc.12349. Epub 2021 Nov 24.","Tonini E","Br J Clin Psychol","2022","2021/11/25","","","10.1111/bjc.12349"
"34811756","Editorial Perspective: Adverse childhood events causally contribute to mental illness - we must act now and intervene early","Linden W, LeMoult J.","J Child Psychol Psychiatry. 2022 Jun;63(6):715-719. doi: 10.1111/jcpp.13541. Epub 2021 Nov 22.","Linden W","J Child Psychol Psychiatry","2022","2021/11/23","","","10.1111/jcpp.13541"
"34661883","Association of adverse childhood experiences (ACEs) with obesity and underweight in children","Hanć T, Bryl E, Szcześniewska P, Dutkiewicz A, Borkowska AR, Paszyńska E, Słopień A, Dmitrzak-Węglarz M.","Eat Weight Disord. 2022 Jun;27(5):1751-1763. doi: 10.1007/s40519-021-01314-1. Epub 2021 Oct 18.","Hanć T","Eat Weight Disord","2022","2021/10/18","PMC9123056","","10.1007/s40519-021-01314-1"
"34658051","The mediating role of tolerance for psychological pain in the relationship of childhood trauma to suicidal ideation in individuals with a substance use disorder","Martins LC, Campos RC, Morujão IS.","Br J Clin Psychol. 2022 Jun;61(2):197-213. doi: 10.1111/bjc.12338. Epub 2021 Oct 18.","Martins LC","Br J Clin Psychol","2022","2021/10/18","","","10.1111/bjc.12338"
"34622393","Exploring risk factors of food and alcohol disturbance (FAD) in U.S. college students","Gates T, Odar Stough C.","Eat Weight Disord. 2022 Jun;27(5):1739-1749. doi: 10.1007/s40519-021-01313-2. Epub 2021 Oct 7.","Gates T","Eat Weight Disord","2022","2021/10/08","","","10.1007/s40519-021-01313-2"
"34231407","A Delphi study to identify intervention priorities to prevent the occurrence and reduce the impact of adverse childhood experiences","Sahle BW, Reavley NJ, Morgan AJ, Yap MBH, Reupert A, Jorm AF.","Aust N Z J Psychiatry. 2022 Jun;56(6):686-694. doi: 10.1177/00048674211025717. Epub 2021 Jul 7.","Sahle BW","Aust N Z J Psychiatry","2022","2021/07/07","","","10.1177/00048674211025717"
"34125252","Machine learning reveals the most important psychological and social variables predicting the differential diagnosis of rheumatic and musculoskeletal diseases","Vera Cruz G, Bucourt E, Réveillère C, Martaillé V, Joncker-Vannier I, Goupille P, Mulleman D, Courtois R.","Rheumatol Int. 2022 Jun;42(6):1053-1062. doi: 10.1007/s00296-021-04916-1. Epub 2021 Jun 14.","Vera Cruz G","Rheumatol Int","2022","2021/06/14","","","10.1007/s00296-021-04916-1"
"33958018","Adverse childhood experiences and adult self-harm in a female forensic population","Holden R, Stables I, Brown P, Fotiadou M.","BJPsych Bull. 2022 Jun;46(3):148-152. doi: 10.1192/bjb.2021.34.","Holden R","BJPsych Bull","2022","2021/05/07","","","10.1192/bjb.2021.34"
"33860705","Multi-sample assessment of stress reactivity as a mediator between childhood adversity and mid- to late-life outcomes","Sheffler J, Meyer C, Puga F.","Aging Ment Health. 2022 Jun;26(6):1207-1216. doi: 10.1080/13607863.2021.1910787. Epub 2021 Apr 16.","Sheffler J","Aging Ment Health","2022","2021/04/16","","","10.1080/13607863.2021.1910787"
"33845701","Why do parents refuse childhood vaccination? Reasons reported in Finland","Nurmi J, Harman B.","Scand J Public Health. 2022 Jun;50(4):490-496. doi: 10.1177/14034948211004323. Epub 2021 Apr 12.","Nurmi J","Scand J Public Health","2022","2021/04/13","PMC9152597","","10.1177/14034948211004323"
"33835419","Depressive Symptoms in Relation to Adverse Childhood Experiences, Discrimination, Hope, and Social Support in a Diverse Sample of College Students","Lemon ED, Vu M, Roche KM, Hall KS, Berg CJ.","J Racial Ethn Health Disparities. 2022 Jun;9(3):992-1002. doi: 10.1007/s40615-021-01038-z. Epub 2021 Apr 9.","Lemon ED","J Racial Ethn Health Disparities","2022","2021/04/09","","","10.1007/s40615-021-01038-z"
"33783306","Adverse childhood experiences and risk factors associated with asthma among children in the United States: the intersection of sex and race/ethnicity","Panisch LS, Baiden P, Findley E, Jahan N, LaBrenz CA.","J Asthma. 2022 Jun;59(6):1122-1130. doi: 10.1080/02770903.2021.1910296. Epub 2021 Apr 14.","Panisch LS","J Asthma","2022","2021/03/30","","","10.1080/02770903.2021.1910296"
"33719635","Childhood trauma, depression, resilience and suicide risk in individuals with inflammatory bowel disease","Tripp DA, Jones K, Mihajlovic V, Westcott S, MacQueen G.","J Health Psychol. 2022 Jun;27(7):1626-1634. doi: 10.1177/1359105321999085. Epub 2021 Mar 15.","Tripp DA","J Health Psychol","2022","2021/03/15","PMC9092906","","10.1177/1359105321999085"
"33422283","Transmission of parental childhood trauma to child behavior problems: Parental Hostile/Helpless state of mind as a moderator","Sauvé M, Cyr C, St-Laurent D, Amédée LM, Dubois-Comtois K, Tarabulsy GM, Bernier A, Moss E.","Child Abuse Negl. 2022 Jun;128:104885. doi: 10.1016/j.chiabu.2020.104885. Epub 2021 Jan 6.","Sauvé M","Child Abuse Negl","2022","2021/01/10","","","10.1016/j.chiabu.2020.104885"
"33278062","Chronic Stress and Arthritis: A Scoping Review","Schwetlik SN, Baldock KL, Hill CL, Ferrar K.","Arthritis Care Res (Hoboken). 2022 Jun;74(6):982-996. doi: 10.1002/acr.24528. Epub 2022 Mar 17.","Schwetlik SN","Arthritis Care Res (Hoboken)","2022","2020/12/05","","","10.1002/acr.24528"
"35662684","The Adverse Childhood Experiences - International Questionnaire (ACE-IQ) in community samples around the world: A systematic review (part I)","Pace CS, Muzi S, Rogier G, Meinero LL, Marcenaro S.","Child Abuse Negl. 2022 May 31;129:105640. doi: 10.1016/j.chiabu.2022.105640. Online ahead of print.","Pace CS","Child Abuse Negl","2022","2022/06/06","","","10.1016/j.chiabu.2022.105640"
"35662683","An update on ACEs domain frequencies across race/ethnicity and sex in a nationally representative sample","Cole AB, Armstrong CM, Giano ZD, Hubach RD.","Child Abuse Negl. 2022 May 31;129:105686. doi: 10.1016/j.chiabu.2022.105686. Online ahead of print.","Cole AB","Child Abuse Negl","2022","2022/06/06","","","10.1016/j.chiabu.2022.105686"
"35466100","Association between Dissociative Symptoms and Morning Cortisol Levels in Patients with Post-traumatic Stress Disorder","Lee HS, Min D, Baik SY, Kwon A, Jin MJ, Lee SH.","Clin Psychopharmacol Neurosci. 2022 May 31;20(2):292-299. doi: 10.9758/cpn.2022.20.2.292.","Lee HS","Clin Psychopharmacol Neurosci","2022","2022/04/25","PMC9048003","","10.9758/cpn.2022.20.2.292"
"35643503","Risky sexual behavior and associated factors among sexually-experienced adolescents in Bangkok, Thailand: findings from a school web-based survey","Thepthien BO, Celyn.","Reprod Health. 2022 May 28;19(1):127. doi: 10.1186/s12978-022-01429-3.","Thepthien BO","Reprod Health","2022","2022/06/01","PMC9148491","","10.1186/s12978-022-01429-3"
"35637099","Revision to Stage 1 Registered Report, ""Epigenetic Intergenerational Transmission: Mothers' Adverse Childhood Experiences and DNA Methylation""","","J Am Acad Child Adolesc Psychiatry. 2022 May 27:S0890-8567(22)00191-5. doi: 10.1016/j.jaac.2022.04.002. Online ahead of print.","","J Am Acad Child Adolesc Psychiatry","2022","2022/05/31","","","10.1016/j.jaac.2022.04.002"
"35618501","Knowledge and perceptions of adverse childhood experiences (ACEs) among prelicensure nursing students","George TP, Kershner SH, Hucks JM, DeCristofaro C.","Int J Nurs Educ Scholarsh. 2022 May 27;19(1). doi: 10.1515/ijnes-2022-0006.","George TP","Int J Nurs Educ Scholarsh","2022","2022/05/26","","","10.1515/ijnes-2022-0006"
"35643057","The occurrence and co-occurrence of ACEs and their relationship to mental health in the United States and Ireland","McCutchen C, Hyland P, Shevlin M, Cloitre M.","Child Abuse Negl. 2022 May 26;129:105681. doi: 10.1016/j.chiabu.2022.105681. Online ahead of print.","McCutchen C","Child Abuse Negl","2022","2022/06/01","","","10.1016/j.chiabu.2022.105681"
"35618265","Patterns of adverse childhood experiences and cardiovascular risk factors in U.S. adults","Wooldridge JS, Tynan M, Rossi FS, Gasperi M, McLean CL, Bosch J, Trivedi RB, Herbert MS, Afari N.","Stress Health. 2022 May 26. doi: 10.1002/smi.3167. Online ahead of print.","Wooldridge JS","Stress Health","2022","2022/05/26","","","10.1002/smi.3167"
"35646294","Association of positive and adverse childhood experiences with risky behaviours and mental health indicators among Chinese university students in Hong Kong: an exploratory study","Xu Z, Zhang D, Ding H, Zheng X, Lee RC, Yang Z, Mo PK, Lee EK, Wong SY.","Eur J Psychotraumatol. 2022 May 25;13(1):2065429. doi: 10.1080/20008198.2022.2065429. eCollection 2022.","Xu Z","Eur J Psychotraumatol","2022","2022/06/01","PMC9135422","","10.1080/20008198.2022.2065429"
"35609019","Population birth outcomes in 2020 and experiences of expectant mothers during the COVID-19 pandemic: A 'born in Wales' mixed methods study using routine data","Jones H, Seaborne M, Cowley L, Odd D, Paranjothy S, Akbari A, Brophy S.","PLoS One. 2022 May 24;17(5):e0267176. doi: 10.1371/journal.pone.0267176. eCollection 2022.","Jones H","PLoS One","2022","2022/05/24","PMC9129046","","10.1371/journal.pone.0267176"
"35617753","Prevalence of adverse childhood experiences (ACEs) and association with dating violence and symptoms of mental illness among adolescents in the Dominican Republic","Luft HS, Mersky JP, Choi C, Canario Guzmán JA, Quezada Ortiz MV, Sehi GT, Temple JR.","Child Abuse Negl. 2022 May 23;129:105668. doi: 10.1016/j.chiabu.2022.105668. Online ahead of print.","Luft HS","Child Abuse Negl","2022","2022/05/26","","","10.1016/j.chiabu.2022.105668"
"35606679","Social-Ecological Correlates of Social Isolation as a Structural Indicator of Social Connectedness Among Young Adult U.S. Males","Rovito KE, Herring RP, Beeson WL, Gamboa-Maldonado T, Lee JW.","Am J Health Promot. 2022 May 23:8901171221103755. doi: 10.1177/08901171221103755. Online ahead of print.","Rovito KE","Am J Health Promot","2022","2022/05/23","","","10.1177/08901171221103755"
"35606570","Parameterizing Toxic Stress in Early Childhood: Maternal Depression, Maltreatment, and HPA-Axis Variation in a Pilot Intervention Study","Wagner RE, Jonson-Reid M, Drake B, Kohl PL, Pons L, Zhang Y, Fitzgerald RT, Laudenslager ML, Constantino JN.","Prev Sci. 2022 May 23. doi: 10.1007/s11121-022-01366-4. Online ahead of print.","Wagner RE","Prev Sci","2022","2022/05/23","","","10.1007/s11121-022-01366-4"
"35604710","Two generations thrive: Bidirectional collaboration among researchers, practitioners, and parents to promote culturally responsive trauma research, practice, and policy","Woods-Jaeger B, Kleven L, Sexton C, O'Malley D, Cho B, Bronston S, McGowan K, Starr D.","Psychol Trauma. 2022 May 23. doi: 10.1037/tra0001209. Online ahead of print.","Woods-Jaeger B","Psychol Trauma","2022","2022/05/23","","","10.1037/tra0001209"
"35605705","A national study of the influence of adverse childhood experiences on depression among Black adults in the United States","Cavanaugh C, Nelson T.","J Affect Disord. 2022 May 21;311:523-529. doi: 10.1016/j.jad.2022.05.112. Online ahead of print.","Cavanaugh C","J Affect Disord","2022","2022/05/23","","","10.1016/j.jad.2022.05.112"
"35596196","Adverse childhood experiences among adults with eating disorders: comparison to a nationally representative sample and identification of trauma","Rienecke RD, Johnson C, Le Grange D, Manwaring J, Mehler PS, Duffy A, McClanahan S, Blalock DV.","J Eat Disord. 2022 May 20;10(1):72. doi: 10.1186/s40337-022-00594-x.","Rienecke RD","J Eat Disord","2022","2022/05/20","PMC9123748","","10.1186/s40337-022-00594-x"
"35595503","Characterising a syndemic among black women at risk for HIV: the role of sociostructural inequity and adverse childhood experiences","Tsuyuki K, Chan E, Lucea MB, Cimino A, Rudolph AE, Tesfai Y, Campbell JC, Catabay CJ, Stockman JK.","Sex Transm Infect. 2022 May 20:sextrans-2021-055224. doi: 10.1136/sextrans-2021-055224. Online ahead of print.","Tsuyuki K","Sex Transm Infect","2022","2022/05/20","","","10.1136/sextrans-2021-055224"
"34933661","The Relationship between Adverse Family Experiences during Childhood and Self-rated Health Outcome in Adulthood","Wang D, Zhao Y.","Soc Work Public Health. 2022 May 19;37(4):342-355. doi: 10.1080/19371918.2021.2013384. Epub 2021 Dec 21.","Wang D","Soc Work Public Health","2022","2021/12/22","","","10.1080/19371918.2021.2013384"
"35605466","Disentangling the associations between past childhood adversity and psychopathology during the COVID-19 pandemic: The mediating roles of specific pandemic stressors and coping strategies","Jernslett M, Anastassiou-Hadjicharalambous X, Lioupi C, Syros I, Kapatais A, Karamanoli V, Evgeniou E, Messas K, Palaiokosta T, Papathanasiou E, Lotzin A.","Child Abuse Negl. 2022 May 18;129:105673. doi: 10.1016/j.chiabu.2022.105673. Online ahead of print.","Jernslett M","Child Abuse Negl","2022","2022/05/23","PMC9113959","","10.1016/j.chiabu.2022.105673"
"35584536","Patterns of Adverse Childhood Experiences and Mental Health: Evidence From College Students in Korea","Kim Y, Park A, Murphy J.","J Interpers Violence. 2022 May 18:8862605221102487. doi: 10.1177/08862605221102487. Online ahead of print.","Kim Y","J Interpers Violence","2022","2022/05/18","","","10.1177/08862605221102487"
"35583575","The Relationship Between Adverse Childhood Experiences and Utilization of Different HIV Testing Strategies Among Young Men Who Have Sex with Men in Texas","Schnarrs PW, Bond M, Stone AL, Salcido R, Young L, Dean J, Grigsby TJ.","AIDS Behav. 2022 May 18:1-12. doi: 10.1007/s10461-022-03690-w. Online ahead of print.","Schnarrs PW","AIDS Behav","2022","2022/05/18","PMC9115744","","10.1007/s10461-022-03690-w"
"35595677","Identifying adverse childhood experiences with electronic health records of linked mothers and children in England: a multistage development and validation study","Syed S, Gonzalez-Izquierdo A, Allister J, Feder G, Li L, Gilbert R.","Lancet Digit Health. 2022 May 17:S2589-7500(22)00061-9. doi: 10.1016/S2589-7500(22)00061-9. Online ahead of print.","Syed S","Lancet Digit Health","2022","2022/05/20","","","10.1016/S2589-7500(22)00061-9"
"35599976","A transdiagnostic psychosocial prevention-intervention service for young people in the Republic of Georgia: early results of the effectiveness study","Makhashvili N, Javakhishvili JD, Chikovani I, Bevan-Jones R, Uchaneishvili M, Pilauri K, Shengelia N, Marjanishvili N, Sulaberidze L, Sikharulidze K, Roberts B, Bisson J.","Eur J Psychotraumatol. 2022 May 16;13(1):2060606. doi: 10.1080/20008198.2022.2060606. eCollection 2022.","Makhashvili N","Eur J Psychotraumatol","2022","2022/05/23","PMC9116265","","10.1080/20008198.2022.2060606"
"35578217","Adverse childhood experiences and comorbidity in a cohort of people who have injected drugs","Sosnowski DW, Feder KA, Astemborski J, Genberg BL, Letourneau EJ, Musci RJ, Mojtabai R, McCall L, Hollander E, Loving L, Maher BS, Kirk GD, Mehta SH, Sun J.","BMC Public Health. 2022 May 16;22(1):986. doi: 10.1186/s12889-022-13369-5.","Sosnowski DW","BMC Public Health","2022","2022/05/16","PMC9109307","","10.1186/s12889-022-13369-5"
"35576407","Risk and Protective Factors Associated with Adverse Childhood Experiences in Vulnerable Families: Results of a Randomized Clinical Trial of SafeCare®","Silovsky J, Bard D, Owora AH, Milojevich H, Jorgensen A, Hecht D.","Child Maltreat. 2022 May 16:10775595221100723. doi: 10.1177/10775595221100723. Online ahead of print.","Silovsky J","Child Maltreat","2022","2022/05/16","","","10.1177/10775595221100723"
"35151670","Childhood trauma and the plasma levels of IL-6, TNF-α are risk factors for major depressive disorder and schizophrenia in adolescents: A cross-sectional and case-control study","Li Y, Jinxiang T, Shu Y, Yadong P, Ying L, Meng Y, Ping Z, Xiao H, Yixiao F.","J Affect Disord. 2022 May 15;305:227-232. doi: 10.1016/j.jad.2022.02.020. Epub 2022 Feb 11.","Li Y","J Affect Disord","2022","2022/02/13","","","10.1016/j.jad.2022.02.020"
"35631206","Resting-State Functional Connectivity Differences in College Students with and without Food Insecurity","Guerithault N, McClure SM, Ojinnaka CO, Braden BB, Bruening M.","Nutrients. 2022 May 14;14(10):2064. doi: 10.3390/nu14102064.","Guerithault N","Nutrients","2022","2022/05/28","PMC9145508","","10.3390/nu14102064"
"35627523","The Long-Term Effects of Early Childhood Resilience Profiles on School Outcomes among Children in the Child Welfare System","Yoon S, Pei F, Benavides JL, Ploss A, Logan J, Hamby S.","Int J Environ Res Public Health. 2022 May 14;19(10):5987. doi: 10.3390/ijerph19105987.","Yoon S","Int J Environ Res Public Health","2022","2022/05/28","PMC9140792","","10.3390/ijerph19105987"
"34607342","Fine Particulate Air Pollution, Early Life Stress, and Their Interactive Effects on Adolescent Structural Brain Development: A Longitudinal Tensor-Based Morphometry Study","Miller JG, Dennis EL, Heft-Neal S, Jo B, Gotlib IH.","Cereb Cortex. 2022 May 14;32(10):2156-2169. doi: 10.1093/cercor/bhab346.","Miller JG","Cereb Cortex","2022","2021/10/04","PMC9113318","","10.1093/cercor/bhab346"
"35627478","Intergenerational Transmission of Trauma: The Mediating Effects of Family Health","Reese EM, Barlow MJ, Dillon M, Villalon S, Barnes MD, Crandall A.","Int J Environ Res Public Health. 2022 May 13;19(10):5944. doi: 10.3390/ijerph19105944.","Reese EM","Int J Environ Res Public Health","2022","2022/05/28","PMC9141097","","10.3390/ijerph19105944"
"35627468","Early Adversity and Changes in Cortisol and Negative Affect in Response to Interpersonal Threats in the Laboratory","Wendel CJ, Cundiff JM, Cribbet MR.","Int J Environ Res Public Health. 2022 May 13;19(10):5934. doi: 10.3390/ijerph19105934.","Wendel CJ","Int J Environ Res Public Health","2022","2022/05/28","PMC9141898","","10.3390/ijerph19105934"
"35569788","THE ASSOCIATION BETWEEN CHILDHOOD ADVERSITY AND RISK OF DYSMENORRHOEA, PELVIC PAIN AND DYSPAREUNIA IN ADOLESCENTS AND YOUNG ADULTS: A SYSTEMATIC REVIEW","Moussaoui D, Grover SR.","J Pediatr Adolesc Gynecol. 2022 May 12:S1083-3188(22)00195-4. doi: 10.1016/j.jpag.2022.04.010. Online ahead of print.","Moussaoui D","J Pediatr Adolesc Gynecol","2022","2022/05/15","","","10.1016/j.jpag.2022.04.010"
"35645853","Intergenerational Transmission of Maternal Adverse Childhood Experiences on Next Generation's Development: A Mini-Review","Ishikawa K, Azuma N, Ohka M.","Front Psychol. 2022 May 11;13:852467. doi: 10.3389/fpsyg.2022.852467. eCollection 2022.","Ishikawa K","Front Psychol","2022","2022/06/01","PMC9131025","","10.3389/fpsyg.2022.852467"
"35576878","Adverse childhood experiences and diurnal cortisol patterns in older people in England","Demakakos P, Steptoe A.","Psychoneuroendocrinology. 2022 May 11;142:105798. doi: 10.1016/j.psyneuen.2022.105798. Online ahead of print.","Demakakos P","Psychoneuroendocrinology","2022","2022/05/16","","","10.1016/j.psyneuen.2022.105798"
"35543520","Social-Ecological Correlates of Loneliness Among Young Adult U.S. Males","Rovito KE, Herring RP, Beeson WL, Gamboa-Maldonado T, Lee JW.","Health Promot Pract. 2022 May 11:15248399221092753. doi: 10.1177/15248399221092753. Online ahead of print.","Rovito KE","Health Promot Pract","2022","2022/05/11","","","10.1177/15248399221092753"
"35628144","Early Life Stress Alters Expression of Glucocorticoid Stress Response Genes and Trophic Factor Transcripts in the Rodent Basal Ganglia","Tran CH, Shannon Weickert C, Weickert TW, Sinclair D.","Int J Mol Sci. 2022 May 10;23(10):5333. doi: 10.3390/ijms23105333.","Tran CH","Int J Mol Sci","2022","2022/05/28","PMC9141219","","10.3390/ijms23105333"
"35538470","Exposure to violence, adverse life events and the mental health of adolescent girls in Nairobi slums","Wado YD, Austrian K, Abuya BA, Kangwana B, Maddox N, Kabiru CW.","BMC Womens Health. 2022 May 10;22(1):156. doi: 10.1186/s12905-022-01735-9.","Wado YD","BMC Womens Health","2022","2022/05/10","PMC9092809","","10.1186/s12905-022-01735-9"
"35202782","Early-life Stress Modifies the Reactivity of Neurons in the Ventral Tegmental Area and Lateral Hypothalamus to Acute Stress in Female Rats","Gugula A, Trenk A, Celary A, Cizio K, Tylko G, Blasiak A, Hess G.","Neuroscience. 2022 May 10;490:49-65. doi: 10.1016/j.neuroscience.2022.02.017. Epub 2022 Feb 21.","Gugula A","Neuroscience","2022","2022/02/24","","","10.1016/j.neuroscience.2022.02.017"
"35626864","Relationship between Adverse Childhood Experiences and Mental Health in Chinese Adolescents: Differences among Girls and Boys","Jiang W, Ji M, Chi X, Sun X.","Children (Basel). 2022 May 9;9(5):689. doi: 10.3390/children9050689.","Jiang W","Children (Basel)","2022","2022/05/28","PMC9139613","","10.3390/children9050689"
"35535026","Food insecurity and adverse childhood experiences: a systematic review","Royer MF, Ojinnaka CO, Zhang X, Thornton AG, Blackhorse K, Bruening M.","Nutr Rev. 2022 May 9:nuac029. doi: 10.1093/nutrit/nuac029. Online ahead of print.","Royer MF","Nutr Rev","2022","2022/05/10","","","10.1093/nutrit/nuac029"
"35534081","Protocol of a mixed-method randomised controlled pilot study evaluating a wilderness programme for adolescent and young adult cancer survivors: the WAYA study","Jong MC, Mulder E, Kristoffersen AE, Stub T, Dahlqvist H, Viitasara E, Lown EA, Schats W, Jong M.","BMJ Open. 2022 May 9;12(5):e061502. doi: 10.1136/bmjopen-2022-061502.","Jong MC","BMJ Open","2022","2022/05/09","PMC9086645","","10.1136/bmjopen-2022-061502"
"35532217","Mental Health Burden in Enlisted and Commissioned U.S. Military Veterans: Importance of Indirect Trauma Exposure in Commissioned Veterans","Merians AN, Na PJ, Tsai J, Harpaz-Rotem I, Pietrzak RH.","Psychiatry. 2022 May 9:1-15. doi: 10.1080/00332747.2022.2068301. Online ahead of print.","Merians AN","Psychiatry","2022","2022/05/09","","","10.1080/00332747.2022.2068301"
"35563878","Adverse Childhood Experiences Predict the Phenome of Affective Disorders and These Effects Are Mediated by Staging, Neuroimmunotoxic and Growth Factor Profiles","Maes M, Rachayon M, Jirakran K, Sodsai P, Klinchanhom S, Debnath M, Basta-Kaim A, Kubera M, Almulla AF, Sughondhabirom A.","Cells. 2022 May 7;11(9):1564. doi: 10.3390/cells11091564.","Maes M","Cells","2022","2022/05/14","PMC9105661","","10.3390/cells11091564"
"35599780","Childhood Trauma, the HPA Axis and Psychiatric Illnesses: A Targeted Literature Synthesis","Murphy F, Nasa A, Cullinane D, Raajakesary K, Gazzaz A, Sooknarine V, Haines M, Roman E, Kelly L, O'Neill A, Cannon M, Roddy DW.","Front Psychiatry. 2022 May 6;13:748372. doi: 10.3389/fpsyt.2022.748372. eCollection 2022.","Murphy F","Front Psychiatry","2022","2022/05/23","PMC9120425","","10.3389/fpsyt.2022.748372"
"35534345","Vicarious experiences of major discrimination, anxiety symptoms, and mental health care utilization among Black Adults","Moody MD, Browning WR, Hossain M, Clay OJ.","Soc Sci Med. 2022 May 6:114997. doi: 10.1016/j.socscimed.2022.114997. Online ahead of print.","Moody MD","Soc Sci Med","2022","2022/05/09","","","10.1016/j.socscimed.2022.114997"
"35601624","The Relationship Between Adverse Childhood Experiences and Alzheimer's Disease: A Systematic Review","Corney KB, West EC, Quirk SE, Pasco JA, Stuart AL, Manavi BA, Kavanagh BE, Williams LJ.","Front Aging Neurosci. 2022 May 4;14:831378. doi: 10.3389/fnagi.2022.831378. eCollection 2022.","Corney KB","Front Aging Neurosci","2022","2022/05/23","PMC9115103","","10.3389/fnagi.2022.831378"
"35523697","Clusters of Adversity Types Among U.S. Youth: Associations With Mental Health","Grummitt LR, Keyes KM, Rajan S, Kelly EV, Barrett EL, Newton NC.","Am J Prev Med. 2022 May 3:S0749-3797(22)00173-8. doi: 10.1016/j.amepre.2022.03.016. Online ahead of print.","Grummitt LR","Am J Prev Med","2022","2022/05/06","","","10.1016/j.amepre.2022.03.016"
"35505314","The effects of childhood trauma on personality in unaffected first-degree relatives of patients with major depressive disorder","Wen YJ, Bo QJ, Hou WP, Mao Z, Li F, He F, Dong F, Ma X, Tang YL, Li XB, Wang CY.","BMC Psychiatry. 2022 May 3;22(1):312. doi: 10.1186/s12888-022-03909-z.","Wen YJ","BMC Psychiatry","2022","2022/05/03","PMC9063055","","10.1186/s12888-022-03909-z"
"35504926","A network approach to relationships between cannabis use characteristics and psychopathology in the general population","Betz LT, Penzel N, Kambeitz J.","Sci Rep. 2022 May 3;12(1):7163. doi: 10.1038/s41598-022-11092-0.","Betz LT","Sci Rep","2022","2022/05/03","PMC9065088","","10.1038/s41598-022-11092-0"
"34322709","Systematic Review of the Military Career Impact of Mental Health Evaluation and Treatment","Heyman RE, Slep AMS, Parsons AM, Ellerbeck EL, McMillan KK.","Mil Med. 2022 May 3;187(5-6):e598-e618. doi: 10.1093/milmed/usab283.","Heyman RE","Mil Med","2022","2021/07/29","","","10.1093/milmed/usab283"
"35500216","Validation of the Assessment of Parent and Child Adversity (APCA) in Mothers and Young Children","King LS, Humphreys KL, Shaw GM, Stevenson DK, Gotlib IH.","J Clin Child Adolesc Psychol. 2022 May 2:1-16. doi: 10.1080/15374416.2022.2042696. Online ahead of print.","King LS","J Clin Child Adolesc Psychol","2022","2022/05/02","","","10.1080/15374416.2022.2042696"
"35559624","Child Abuse: Approach and Management","Suniega EA, Krenek L, Stewart G.","Am Fam Physician. 2022 May 1;105(5):521-528.","Suniega EA","Am Fam Physician","2022","2022/05/13","","",""
"35503315","A Framework for Cross-Sector Partnerships to Address Childhood Adversity and Improve Life Course Health","Liu PY, Beck AF, Lindau ST, Holguin M, Kahn RS, Fleegler E, Henize AW, Halfon N, Schickedanz A.","Pediatrics. 2022 May 1;149(Suppl 5):e2021053509O. doi: 10.1542/peds.2021-053509O.","Liu PY","Pediatrics","2022","2022/05/03","","","10.1542/peds.2021-053509O"
"35499122","Whole Child Well-Child Visits: Implementing ACEs and SDOH Screenings in Primary Care","Yaun JA, Rogers LW, Marshall A, McCullers JA, Madubuonwu S.","Clin Pediatr (Phila). 2022 May 1:99228221093279. doi: 10.1177/00099228221093279. Online ahead of print.","Yaun JA","Clin Pediatr (Phila)","2022","2022/05/02","","","10.1177/00099228221093279"
"35489299","Prenatal internalizing symptoms as a mediator linking maternal adverse childhood experiences with infant temperament","Mattera JA, Waters SF, Lee S, Connolly CP, Gartstein MA.","Early Hum Dev. 2022 May;168:105577. doi: 10.1016/j.earlhumdev.2022.105577. Epub 2022 Apr 22.","Mattera JA","Early Hum Dev","2022","2022/04/30","","","10.1016/j.earlhumdev.2022.105577"
"35470559","Reduced structural connectivity of the amygdala is associated with childhood trauma in adult patients with alcohol use disorder","Soravia LM, Denier N, Moggi F, Grieder M, Federspiel A, Tschuemperlin RM, Batschelet HM, Vollstädt-Klein S, Wiest R, Stein M, Bracht T.","Addict Biol. 2022 May;27(3):e13164. doi: 10.1111/adb.13164.","Soravia LM","Addict Biol","2022","2022/04/26","","","10.1111/adb.13164"
"35452541","""Generalized unsafety"" as fear inhibition to safety signals in adults with and without childhood trauma","Huskey A, Taylor DJ, Friedman BH.","Dev Psychobiol. 2022 May;64(4):e22242. doi: 10.1002/dev.22242.","Huskey A","Dev Psychobiol","2022","2022/04/22","","","10.1002/dev.22242"
"35398628","Clinical characterization of insomnia in adolescents - an integrated approach to psychopathology","Yuksel D, Kiss O, Prouty DE, Baker FC, de Zambotti M.","Sleep Med. 2022 May;93:26-38. doi: 10.1016/j.sleep.2022.03.010. Epub 2022 Mar 24.","Yuksel D","Sleep Med","2022","2022/04/10","PMC9058217","NIHMS1792290","10.1016/j.sleep.2022.03.010"
"35377676","Childhood trauma and borderline personality disorder traits: A discordant twin study","Skaug E, Czajkowski NO, Waaktaar T, Torgersen S.","J Psychopathol Clin Sci. 2022 May;131(4):365-374. doi: 10.1037/abn0000755. Epub 2022 Apr 4.","Skaug E","J Psychopathol Clin Sci","2022","2022/04/04","","","10.1037/abn0000755"
"35366613","Childhood adversity and adulthood major depressive disorder","Zisook S, Planeta B, Hicks PB, Chen P, Davis LL, Villarreal G, Sapra M, Johnson GR, Mohamed S.","Gen Hosp Psychiatry. 2022 May-Jun;76:36-44. doi: 10.1016/j.genhosppsych.2022.03.008. Epub 2022 Mar 24.","Zisook S","Gen Hosp Psychiatry","2022","2022/04/02","","","10.1016/j.genhosppsych.2022.03.008"
"35338899","Parental and own substance use disorder: The intersection of gender and early adversity","van Draanen J, Aneshensel CS.","Drug Alcohol Depend. 2022 May 1;234:109393. doi: 10.1016/j.drugalcdep.2022.109393. Epub 2022 Mar 4.","van Draanen J","Drug Alcohol Depend","2022","2022/03/26","PMC9018609","NIHMS1792303","10.1016/j.drugalcdep.2022.109393"
"35313255","Adverse childhood experiences and late-life diurnal HPA axis activity: Associations of different childhood adversity types and interaction with timing in a sample of older East Prussian World War II refugees","Maier BCL, Zillich L, Streit F, Wildenberg K, Rietschel M, Hammes HP, Witt SH, Deuschle M.","Psychoneuroendocrinology. 2022 May;139:105717. doi: 10.1016/j.psyneuen.2022.105717. Epub 2022 Mar 9.","Maier BCL","Psychoneuroendocrinology","2022","2022/03/21","","","10.1016/j.psyneuen.2022.105717"
"35306395","Effects of multiple adverse childhood experiences on substance use in young adults: A review of the literature","Rogers CJ, Pakdaman S, Forster M, Sussman S, Grigsby TJ, Victoria J, Unger JB.","Drug Alcohol Depend. 2022 May 1;234:109407. doi: 10.1016/j.drugalcdep.2022.109407. Epub 2022 Mar 15.","Rogers CJ","Drug Alcohol Depend","2022","2022/03/20","","","10.1016/j.drugalcdep.2022.109407"
"35305342","Adverse childhood experiences and social and occupational functioning in first-episode psychosis - A one year follow - up","Kemppainen A, Lindgren M, Suvisaari J, Kieseppä T, Kampman O.","Psychiatry Res. 2022 May;311:114502. doi: 10.1016/j.psychres.2022.114502. Epub 2022 Mar 7.","Kemppainen A","Psychiatry Res","2022","2022/03/19","","","10.1016/j.psychres.2022.114502"
"35298228","The impact of adverse childhood experiences on adolescent health risk indicators in a community sample. Correction to Meeker et al. (2021)","","Psychol Trauma. 2022 May;14(4):544. doi: 10.1037/tra0001255. Epub 2022 Mar 17.","","Psychol Trauma","2022","2022/03/17","","","10.1037/tra0001255"
"35287013","Association between maternal adverse childhood experiences and child resilience and self-esteem: Results from the K-CHILD study","Doi S, Isumi A, Fujiwara T.","Child Abuse Negl. 2022 May;127:105590. doi: 10.1016/j.chiabu.2022.105590. Epub 2022 Mar 11.","Doi S","Child Abuse Negl","2022","2022/03/14","","","10.1016/j.chiabu.2022.105590"
"35278597","Adverse childhood experiences and allostatic load: A systematic review","Finlay S, Roth C, Zimsen T, Bridson TL, Sarnyai Z, McDermott B.","Neurosci Biobehav Rev. 2022 May;136:104605. doi: 10.1016/j.neubiorev.2022.104605. Epub 2022 Mar 9.","Finlay S","Neurosci Biobehav Rev","2022","2022/03/12","","","10.1016/j.neubiorev.2022.104605"
"35276630","Mental health-related quality of life by sex and sexual identity among U.S. adults with alcohol and tobacco use disorder","Evans-Polce RJ, Kcomt L, Veliz PT, Boyd CJ, McCabe SE.","J Psychiatr Res. 2022 May;149:136-144. doi: 10.1016/j.jpsychires.2022.02.025. Epub 2022 Mar 2.","Evans-Polce RJ","J Psychiatr Res","2022","2022/03/11","","","10.1016/j.jpsychires.2022.02.025"
"35247660","Experiences of childhood adversity across generations - Continuity or change? A study from the Northern Ireland youth wellbeing survey","Bunting L, McCartan C, Davidson G, Grant A, Mulholland C, Schubotz D, McBride O, Murphy J, Nolan E, Shevlin M.","Child Abuse Negl. 2022 May;127:105568. doi: 10.1016/j.chiabu.2022.105568. Epub 2022 Mar 2.","Bunting L","Child Abuse Negl","2022","2022/03/05","","","10.1016/j.chiabu.2022.105568"
"35235897","Preclinical animal models of mental illnesses to translate findings from the bench to the bedside: Molecular brain mechanisms and peripheral biomarkers associated to early life stress or immune challenges","Cattane N, Vernon AC, Borsini A, Scassellati C, Endres D, Capuron L, Tamouza R, Benros ME, Leza JC, Pariante CM, Riva MA, Cattaneo A; European College of Neuropsychopharmacology (ECNP) ImmunoNeuroPsychiatry Thematic Working Group.","Eur Neuropsychopharmacol. 2022 May;58:55-79. doi: 10.1016/j.euroneuro.2022.02.002. Epub 2022 Feb 27.","Cattane N","Eur Neuropsychopharmacol","2022","2022/03/02","","","10.1016/j.euroneuro.2022.02.002"
"35231816","Development and psychometric properties of the sexual and gender minority adverse childhood experiences (SGM-ACEs): Effect on sexual and gender minority adult mental health","Schnarrs PW, Stone AL, Bond MA, Salcido R Jr, Dorri AA, Nemeroff CB.","Child Abuse Negl. 2022 May;127:105570. doi: 10.1016/j.chiabu.2022.105570. Epub 2022 Feb 26.","Schnarrs PW","Child Abuse Negl","2022","2022/03/01","","","10.1016/j.chiabu.2022.105570"
"35218982","Suicide: Allostatic regulation and resilience","Stacy M, Schulkin J.","Psychoneuroendocrinology. 2022 May;139:105691. doi: 10.1016/j.psyneuen.2022.105691. Epub 2022 Feb 17.","Stacy M","Psychoneuroendocrinology","2022","2022/02/26","","","10.1016/j.psyneuen.2022.105691"
"35217322","Adverse childhood experiences and grandiose narcissism - Findings from a population-representative sample","Clemens V, Fegert JM, Allroggen M.","Child Abuse Negl. 2022 May;127:105545. doi: 10.1016/j.chiabu.2022.105545. Epub 2022 Feb 22.","Clemens V","Child Abuse Negl","2022","2022/02/26","","","10.1016/j.chiabu.2022.105545"
"35217321","Adverse childhood experiences: Examining latent classes and associations with physical, psychological, and risk-related outcomes in adulthood","Parnes MF, Schwartz SEO.","Child Abuse Negl. 2022 May;127:105562. doi: 10.1016/j.chiabu.2022.105562. Epub 2022 Feb 23.","Parnes MF","Child Abuse Negl","2022","2022/02/26","PMC8983583","NIHMS1783320","10.1016/j.chiabu.2022.105562"
"35191030","The Potential for Teacher-Student Relationships and the Whole School, Whole Community, Whole Child Model to Mitigate Adverse Childhood Experiences","Keane K, Evans RR.","J Sch Health. 2022 May;92(5):504-513. doi: 10.1111/josh.13154. Epub 2022 Feb 21.","Keane K","J Sch Health","2022","2022/02/22","","","10.1111/josh.13154"
"35180647","Individual, family, and social correlates of flourishing outcomes among youth: Findings from the 2016-2017 National Survey of Children's Health","Ignacio DA, Emick-Seibert J, Serpas DG, Fernandez YS, Bargotra S, Bush J.","Child Abuse Negl. 2022 May;127:105560. doi: 10.1016/j.chiabu.2022.105560. Epub 2022 Feb 15.","Ignacio DA","Child Abuse Negl","2022","2022/02/18","","","10.1016/j.chiabu.2022.105560"
"35151211","Understanding intergenerational transmission of early maladaptive schemas from a memory perspective: Moderating role of overgeneral memory on adverse experiences","Alaftar İ, Uzer T.","Child Abuse Negl. 2022 May;127:105539. doi: 10.1016/j.chiabu.2022.105539. Epub 2022 Feb 9.","Alaftar İ","Child Abuse Negl","2022","2022/02/12","","","10.1016/j.chiabu.2022.105539"
"35134613","Effects of Adverse Childhood Experiences on Late-life Mental Health: Potential Mechanisms Based on a Nationally Representative Survey in China","Jiang C, Jiang S.","Arch Gerontol Geriatr. 2022 May-Jun;100:104648. doi: 10.1016/j.archger.2022.104648. Epub 2022 Feb 4.","Jiang C","Arch Gerontol Geriatr","2022","2022/02/08","","","10.1016/j.archger.2022.104648"
"35131166","Adverse Childhood Experiences and Perceived Unfair Police Treatment: Differences by Race and Ethnicity","Testa A, Jackson DB.","J Adolesc Health. 2022 May;70(5):804-809. doi: 10.1016/j.jadohealth.2021.11.030. Epub 2022 Feb 4.","Testa A","J Adolesc Health","2022","2022/02/08","","","10.1016/j.jadohealth.2021.11.030"
"35122262","Opposing effects of NMDA receptor antagonists on early life stress-induced aggression in mice","Nordman JC, Bartsch CJ, Li Z.","Aggress Behav. 2022 May;48(3):365-373. doi: 10.1002/ab.22022. Epub 2022 Feb 4.","Nordman JC","Aggress Behav","2022","2022/02/05","PMC9007895","NIHMS1785947","10.1002/ab.22022"
"35119119","The relation of childhood adversity and antisociality to suicide attempts in men admitted to forensic psychiatric hospital","Hui J, Hilton NZ.","J Forensic Sci. 2022 May;67(3):1132-1139. doi: 10.1111/1556-4029.14987. Epub 2022 Feb 4.","Hui J","J Forensic Sci","2022","2022/02/04","","","10.1111/1556-4029.14987"
"35102257","Effects of early life adversity on male reproductive behavior and the medial preoptic area transcriptome","Eck SR, Palmer JL, Bavley CC, Karbalaei R, Ordoñes Sanchez E, Flowers J 2nd, Holley A, Wimmer ME, Bangasser DA.","Neuropsychopharmacology. 2022 May;47(6):1231-1239. doi: 10.1038/s41386-022-01282-9. Epub 2022 Jan 31.","Eck SR","Neuropsychopharmacology","2022","2022/02/01","PMC9019015","","10.1038/s41386-022-01282-9"
"35094729","An exploration of dimensions of early adversity and the development of functional brain network connectivity during adolescence: Implications for trajectories of internalizing symptoms","Chahal R, Miller JG, Yuan JP, Buthmann JL, Gotlib IH.","Dev Psychopathol. 2022 May;34(2):557-571. doi: 10.1017/S0954579421001814. Epub 2022 Jan 31.","Chahal R","Dev Psychopathol","2022","2022/01/31","PMC9117398","NIHMS1763121","10.1017/S0954579421001814"
"34971461","Early life stress and perceived social isolation influence how children use value information to guide behavior","Smith KE, Pollak SD.","Child Dev. 2022 May;93(3):804-814. doi: 10.1111/cdev.13727. Epub 2021 Dec 31.","Smith KE","Child Dev","2022","2021/12/31","PMC9177517","NIHMS1765929","10.1111/cdev.13727"
"34964153","Maternal care and child physical health: Impact of the exposure to adverse experiences during the first year of life of vulnerable children","Scherrer IRS, Moreira JM, Alves CRL.","Child Care Health Dev. 2022 May;48(3):503-511. doi: 10.1111/cch.12951. Epub 2022 Jan 6.","Scherrer IRS","Child Care Health Dev","2022","2021/12/29","","","10.1111/cch.12951"
"34933578","Adverse Childhood Experiences and Mild Cognitive Impairment in Later Life: Exploring Rural/Urban and Gender Differences Using CHARLS","Zhang K, Zhang W.","J Appl Gerontol. 2022 May;41(5):1454-1464. doi: 10.1177/07334648211064796. Epub 2021 Dec 22.","Zhang K","J Appl Gerontol","2022","2021/12/22","","","10.1177/07334648211064796"
"34913192","Adverse childhood experiences (ACEs) and child behaviour problems in KwaZulu-Natal, South Africa","Nazareth ML, Kvalsvig JD, Mellins CA, Desmond C, Kauchali S, Davidson LL.","Child Care Health Dev. 2022 May;48(3):494-502. doi: 10.1111/cch.12950. Epub 2022 Jan 20.","Nazareth ML","Child Care Health Dev","2022","2021/12/16","","","10.1111/cch.12950"
"34903427","Late Adolescent Predictors of Homelessness and Food Insecurity During Emerging Adulthood","Tucker JS, Davis JP, Perez LG, Klein DJ, D'Amico EJ.","J Adolesc Health. 2022 May;70(5):736-742. doi: 10.1016/j.jadohealth.2021.10.035. Epub 2021 Dec 10.","Tucker JS","J Adolesc Health","2022","2021/12/14","PMC9038616","NIHMS1758190","10.1016/j.jadohealth.2021.10.035"
"34854513","Perceived unmet substance use and mental health care needs of acute care patients who use drugs: A cross-sectional analysis using the Behavioral Model for Vulnerable Populations","Kosteniuk B, Salvalaggio G, Wild TC, Gelberg L, Hyshka E.","Drug Alcohol Rev. 2022 May;41(4):830-840. doi: 10.1111/dar.13417. Epub 2021 Dec 2.","Kosteniuk B","Drug Alcohol Rev","2022","2021/12/02","","","10.1111/dar.13417"
"34837600","Asking About Childhood Adversity in the Prenatal Care Setting: Cross-Sectional Associations with Maternal Health and Mental Health Outcomes","Racine N, Byles H, Killam T, Ereyi-Osas W, Madigan S.","Matern Child Health J. 2022 May;26(5):994-1004. doi: 10.1007/s10995-021-03301-5. Epub 2021 Nov 27.","Racine N","Matern Child Health J","2022","2021/11/27","","","10.1007/s10995-021-03301-5"
"34823979","Post-traumatic Stress Disorder in Older U.S. Military Veterans: Prevalence, Characteristics, and Psychiatric and Functional Burden","Moye J, Kaiser AP, Cook J, Pietrzak RH.","Am J Geriatr Psychiatry. 2022 May;30(5):606-618. doi: 10.1016/j.jagp.2021.10.011. Epub 2021 Oct 30.","Moye J","Am J Geriatr Psychiatry","2022","2021/11/26","PMC8983567","NIHMS1791750","10.1016/j.jagp.2021.10.011"
"34812558","Mild early-life stress exaggerates the impact of acute stress on corticolimbic resting-state functional connectivity","Wang H, van Leeuwen JMC, de Voogd LD, Verkes RJ, Roozendaal B, Fernández G, Hermans EJ.","Eur J Neurosci. 2022 May;55(9-10):2122-2141. doi: 10.1111/ejn.15538. Epub 2021 Dec 1.","Wang H","Eur J Neurosci","2022","2021/11/23","","","10.1111/ejn.15538"
"34799539","Attention-Deficit/Hyperactivity Disorder Practice Patterns: A Survey of Kentucky Pediatric Providers","Trace ME, Feygin YB, Williams PG, Winders Davis D, Brothers KB, Sullivan JE, Calhoun AW.","J Dev Behav Pediatr. 2022 May 1;43(4):233-239. doi: 10.1097/DBP.0000000000001037. Epub 2021 Nov 17.","Trace ME","J Dev Behav Pediatr","2022","2021/11/20","","","10.1097/DBP.0000000000001037"
"34714501","An Exploration of Practitioners' Perceptions and Beliefs About Trauma-Informed Youth Drug Prevention Programs: a Qualitative Study","Shin SH, Bouchard LM, Montemayor B.","Prev Sci. 2022 May;23(4):636-647. doi: 10.1007/s11121-021-01300-0. Epub 2021 Oct 29.","Shin SH","Prev Sci","2022","2021/10/29","","","10.1007/s11121-021-01300-0"
"34706630","The Role of Attachment Style, Adverse Childhood Experiences and Dissociation in Migraine","Mays I, Flynn J, McGuire B, Egan J.","J Trauma Dissociation. 2022 May-Jun;23(3):245-278. doi: 10.1080/15299732.2021.1989114. Epub 2021 Oct 27.","Mays I","J Trauma Dissociation","2022","2021/10/28","","","10.1080/15299732.2021.1989114"
"34702714","Looking beyond: complex holistic care needs of Syrian and Iraqi refugee children and adolescents","Lindsay K, Hanes G, Mutch R, McKinnon E, Cherian S.","Arch Dis Child. 2022 May;107(5):461-467. doi: 10.1136/archdischild-2021-322718. Epub 2021 Oct 26.","Lindsay K","Arch Dis Child","2022","2021/10/27","","","10.1136/archdischild-2021-322718"
"34698704","Infant Mental Health Home Visiting Mitigates Impact of Maternal Adverse Childhood Experiences on Toddler Language Competence: A Randomized Controlled Trial","Riggs JL, Rosenblum KL, Muzik M, Jester J, Freeman S, Huth-Bocks A, Waddell R, Alfafara E, Miller A, Lawler J, Erickson N, Weatherston D, Shah P, Brophy-Herb H; Michigan Collaborative for Infant Mental Health Research.","J Dev Behav Pediatr. 2022 May 1;43(4):e227-e236. doi: 10.1097/DBP.0000000000001020. Epub 2021 Oct 25.","Riggs JL","J Dev Behav Pediatr","2022","2021/10/26","","","10.1097/DBP.0000000000001020"
"34622746","An examination of ACEs, the internalization of the Superwoman Schema, and mental health outcomes among Black adult women","Leath S, Jones MK, Butler-Barnes S.","J Trauma Dissociation. 2022 May-Jun;23(3):307-323. doi: 10.1080/15299732.2021.1989113. Epub 2021 Oct 8.","Leath S","J Trauma Dissociation","2022","2021/10/08","","","10.1080/15299732.2021.1989113"
"34418349","Universal precautions: the case for consistently trauma-informed reproductive healthcare","Owens L, Terrell S, Low LK, Loder C, Rhizal D, Scheiman L, Seng J.","Am J Obstet Gynecol. 2022 May;226(5):671-677. doi: 10.1016/j.ajog.2021.08.012. Epub 2021 Aug 18.","Owens L","Am J Obstet Gynecol","2022","2021/08/21","","","10.1016/j.ajog.2021.08.012"
"34392781","Childhood trauma in adults with ADHD is associated with comorbid anxiety disorders and functional impairment","Peleikis DE, Fredriksen M, Faraone SV.","Nord J Psychiatry. 2022 May;76(4):272-279. doi: 10.1080/08039488.2021.1962973. Epub 2021 Aug 14.","Peleikis DE","Nord J Psychiatry","2022","2021/08/16","","","10.1080/08039488.2021.1962973"
"34358378","Association between psychosocial determinants of adverse childhood experiences and severe early childhood caries among First Nations children","Tsai WT, Lawrence HP.","Int J Paediatr Dent. 2022 May;32(3):352-366. doi: 10.1111/ipd.12891. Epub 2021 Aug 25.","Tsai WT","Int J Paediatr Dent","2022","2021/08/06","","","10.1111/ipd.12891"
"34169602","Childhood trauma, the stress response and metabolic syndrome: A focus on DNA methylation","Womersley JS, Nothling J, Toikumo S, Malan-Müller S, van den Heuvel LL, McGregor NW, Seedat S, Hemmings SMJ.","Eur J Neurosci. 2022 May;55(9-10):2253-2296. doi: 10.1111/ejn.15370. Epub 2021 Jul 5.","Womersley JS","Eur J Neurosci","2022","2021/06/25","","","10.1111/ejn.15370"
"33870558","How early maternal deprivation changes the brain and behavior?","Čater M, Majdič G.","Eur J Neurosci. 2022 May;55(9-10):2058-2075. doi: 10.1111/ejn.15238. Epub 2021 Apr 28.","Čater M","Eur J Neurosci","2022","2021/04/19","","","10.1111/ejn.15238"
"33825217","Neurodevelopmental origins of substance use disorders: Evidence from animal models of early-life adversity and addiction","Levis SC, Baram TZ, Mahler SV.","Eur J Neurosci. 2022 May;55(9-10):2170-2195. doi: 10.1111/ejn.15223. Epub 2021 Apr 25.","Levis SC","Eur J Neurosci","2022","2021/04/07","PMC8494863","NIHMS1701735","10.1111/ejn.15223"
"33745155","Early life stress induces a transient increase in hippocampal corticotropin-releasing hormone in rat neonates that precedes the effects on hypothalamic neuropeptides","Roque A, Valles Méndez KM, Ruiz R, Pineda E, Lajud N.","Eur J Neurosci. 2022 May;55(9-10):2108-2121. doi: 10.1111/ejn.15193. Epub 2021 Mar 26.","Roque A","Eur J Neurosci","2022","2021/03/21","","","10.1111/ejn.15193"
"33734769","Trauma exposure and mental health in a community sample of children and youth","Abraham EH, Antl SM, McAuley T.","Psychol Trauma. 2022 May;14(4):624-632. doi: 10.1037/tra0001035. Epub 2021 Mar 18.","Abraham EH","Psychol Trauma","2022","2021/03/18","","","10.1037/tra0001035"
"33615576","The burden of early life stress on the nociceptive system development and pain responses","Melchior M, Kuhn P, Poisbeau P.","Eur J Neurosci. 2022 May;55(9-10):2216-2241. doi: 10.1111/ejn.15153. Epub 2021 Mar 4.","Melchior M","Eur J Neurosci","2022","2021/02/22","","","10.1111/ejn.15153"
"33461395","Contributions of childhood adversities to chronic pain among mid-life employees","Salonsalmi A, Pietiläinen O, Lahelma E, Rahkonen O, Lallukka T.","Scand J Public Health. 2022 May;50(3):333-339. doi: 10.1177/1403494820981509. Epub 2021 Jan 18.","Salonsalmi A","Scand J Public Health","2022","2021/01/19","PMC9096588","","10.1177/1403494820981509"
"33084470","How Trauma, Depression, and Gender Roles Lead to Intimate Partner Violence Perpetration Among a Sample of Predominately Low-Income Black, Indigenous, Men of Color: A Mixed Methods Study","Voith LA, Lee H, Russell K.","J Interpers Violence. 2022 May;37(9-10):NP6487-NP6513. doi: 10.1177/0886260520967139. Epub 2020 Oct 21.","Voith LA","J Interpers Violence","2022","2020/10/21","","","10.1177/0886260520967139"
"32705935","People who need people: the relationship between adverse childhood experiences and mental health among college students","Watt T, Kim S, Ceballos N, Norton C.","J Am Coll Health. 2022 May-Jun;70(4):1265-1273. doi: 10.1080/07448481.2020.1791882. Epub 2020 Jul 23.","Watt T","J Am Coll Health","2022","2020/07/25","","","10.1080/07448481.2020.1791882"
"32517529","""I Want My Mum to Know That I Am a Good Guy …"": A Thematic Analysis of the Accounts of Adolescents Who Exhibit Child-to-Parent Violence in the United Kingdom","Papamichail A, Bates EA.","J Interpers Violence. 2022 May;37(9-10):NP6135-NP6158. doi: 10.1177/0886260520926317. Epub 2020 Jun 10.","Papamichail A","J Interpers Violence","2022","2020/06/11","","","10.1177/0886260520926317"
"32449393","Global executive dysfunction, not core executive skills, mediate the relationship between adversity exposure and later health in undergraduate students","Trossman R, Mielke JG, McAuley T.","Appl Neuropsychol Adult. 2022 May-Jun;29(3):405-411. doi: 10.1080/23279095.2020.1764561. Epub 2020 May 23.","Trossman R","Appl Neuropsychol Adult","2022","2020/05/26","","","10.1080/23279095.2020.1764561"
"35501310","An epigenetic association analysis of childhood trauma in psychosis reveals possible overlap with methylation changes associated with PTSD","Løkhammer S, Stavrum AK, Polushina T, Aas M, Ottesen AA, Andreassen OA, Melle I, Le Hellard S.","Transl Psychiatry. 2022 Apr 30;12(1):177. doi: 10.1038/s41398-022-01936-8.","Løkhammer S","Transl Psychiatry","2022","2022/05/02","PMC9061740","","10.1038/s41398-022-01936-8"
"35588608","A Bayesian learning model to predict the risk for cannabis use disorder","Rajapaksha RMDS, Filbey F, Biswas S, Choudhary P.","Drug Alcohol Depend. 2022 Apr 29;236:109476. doi: 10.1016/j.drugalcdep.2022.109476. Online ahead of print.","Rajapaksha RMDS","Drug Alcohol Depend","2022","2022/05/19","","","10.1016/j.drugalcdep.2022.109476"
